Sex;PassengerId;Fare;SibSp;Parch
female;104.66666666666667;433.5806666666667;72.66666666666667;68.0
male;192.33333333333334;364.5713333333333;82.66666666666667;45.333333333333336
